amplitud_inicial,frecuencia_inicial,amplitud_final,frecuencia_final,gasto_estimado
0.277399452,23.4375,0.294741263,23.4375,0.24416219
0.337817835,46.875,0.351370875,46.875,0.24420704
0.348769592,70.3125,0.342607127,70.3125,0.24425225
0.506142985,93.75,1.554332983,93.75,0.24429306
0.529544516,117.1875,0.584052788,117.1875,0.24434136
1.291908033,140.625,2.544594556,140.625,0.24437794
0.72530608,164.0625,2.03428298,164.0625,0.24442649
0.385992799,187.5,1.877268609,187.5,0.24447323
0.185330907,210.9375,1.956280129,210.9375,0.24451879
0.181931734,234.375,0.354549502,234.375,0.24456921
0.033199387,257.8125,0.735957799,257.8125,0.24461363
0.661180598,281.25,0.333249379,281.25,0.24465828
0.147773503,304.6875,1.58202081,304.6875,0.24470098
0.144504302,328.125,1.236717438,328.125,0.24474733
0.071386292,351.5625,2.093319485,351.5625,0.24478997
1.104411609,375.0,2.271992799,375.0,0.24483153
0.916785661,398.4375,3.270522325,398.4375,0.24487226
0.437494544,421.875,1.652484238,421.875,0.24491853
0.438375652,445.3125,4.725319837,445.3125,0.24494575
0.604752848,468.75,25.35325597,468.75,0.24490671
0.506751148,492.1875,8.553808175,492.1875,0.24500866
0.216724193,515.625,7.556926455,515.625,0.24505201
0.477726995,539.0625,7.470786497,539.0625,0.24509026
0.439227932,562.5,9.776232419,562.5,0.24511763
0.303636552,585.9375,2.280282909,585.9375,0.2451728
0.261876822,609.375,5.283939055,609.375,0.24518755
0.15092062,632.8125,0.612092904,632.8125,0.2452317
0.29449949,656.25,4.352034118,656.25,0.24524087
0.373316005,679.6875,1.663838483,679.6875,0.24527541
0.241287675,703.125,1.336977949,703.125,0.24530132
0.186678059,726.5625,2.901332165,726.5625,0.24531959
0.470718686,750.0,4.395735577,750.0,0.24533716
0.491942631,773.4375,1.996306306,773.4375,0.24537075
0.300692469,796.875,1.765773328,796.875,0.24539644
0.636199084,820.3125,2.068192588,820.3125,0.24541852
0.621827921,843.75,2.781010326,843.75,0.24544
0.486186322,867.1875,2.495232431,867.1875,0.24546577
0.496134924,890.625,1.776808795,890.625,0.24549279
0.437303292,914.0625,2.887273897,914.0625,0.24550405
0.297605911,937.5,4.681273452,937.5,0.24551056
0.362234962,960.9375,2.753219306,960.9375,0.24553205
0.166861046,984.375,3.411184439,984.375,0.24554092
0.139592047,1007.8125,2.21894793,1007.8125,0.24554963
0.386887451,1031.25,3.350666228,1031.25,0.24554785
0.184676299,1054.6875,4.51117466,1054.6875,0.24552839
0.290889519,1078.125,3.481652553,1078.125,0.24548338
0.333061586,1101.5625,5.140420813,1101.5625,0.24542558
0.419820392,1125.0,1.114978722,1125.0,0.2453897
0.343644971,1148.4375,2.646116764,1148.4375,0.24533276
0.075248376,1171.875,3.030263191,1171.875,0.24527861
0.083828752,1195.3125,0.9735018,1195.3125,0.24522796
0.30213802,1218.75,1.427624957,1218.75,0.24516755
0.359109145,1242.1875,0.320379337,1242.1875,0.24511331
0.275936482,1265.625,0.925954247,1265.625,0.24505329
0.312535565,1289.0625,0.719721363,1289.0625,0.24499585
0.32461405,1312.5,0.483375395,1312.5,0.24493858
0.405965612,1335.9375,0.189901379,1335.9375,0.2448813
0.269435405,1359.375,0.851451019,1359.375,0.24482125
0.383990372,1382.8125,0.60056551,1382.8125,0.24476373
0.304313237,1406.25,0.767002854,1406.25,0.24470529
0.247086531,1429.6875,0.832256492,1429.6875,0.24464713
0.042012514,1453.125,1.436738099,1453.125,0.2445875
0.40297307,1476.5625,1.2821815,1476.5625,0.24452886
0.141503454,1500.0,0.737188498,1500.0,0.24447356
0.358380971,1523.4375,1.603549904,1523.4375,0.24440007
0.314021423,1546.875,2.169376863,1546.875,0.24432115
0.709813757,1570.3125,1.07210539,1570.3125,0.24424826
0.187983823,1593.75,1.188137061,1593.75,0.24417277
0.351330022,1617.1875,1.543052858,1617.1875,0.24409416
0.596383295,1640.625,2.417263259,1640.625,0.24401303
0.321147801,1664.0625,2.803353474,1664.0625,0.2439356
0.648753268,1687.5,1.179260787,1687.5,0.24386522
0.497723667,1710.9375,0.10727077,1710.9375,0.24379385
0.789151343,1734.375,1.481757654,1734.375,0.24370207
0.493946737,1757.8125,1.226715659,1757.8125,0.24359915
0.239567627,1781.25,0.629892934,1781.25,0.24349731
0.448952591,1804.6875,0.320262797,1804.6875,0.24339293
0.415592398,1828.125,0.614186317,1828.125,0.2432872
0.656448747,1851.5625,1.784119193,1851.5625,0.2431775
0.333137133,1875.0,0.754996372,1875.0,0.24307741
0.29755577,1898.4375,1.255704537,1898.4375,0.24297097
0.272111651,1921.875,1.761972314,1921.875,0.24286449
0.163893388,1945.3125,1.999381731,1945.3125,0.24275339
0.424913286,1968.75,0.142946628,1968.75,0.24264306
0.027488068,1992.1875,0.969239919,1992.1875,0.24252579
0.598714208,2015.625,0.778205705,2015.625,0.24240768
0.478891665,2039.0625,1.172846088,2039.0625,0.24229002
0.402934899,2062.5,0.82381231,2062.5,0.24217466
0.335153899,2085.9375,0.870260922,2085.9375,0.24205795
0.377621883,2109.375,0.260486641,2109.375,0.24194302
0.116843045,2132.8125,0.872807907,2132.8125,0.24182512
0.363653794,2156.25,0.899289056,2156.25,0.24170743
0.455452996,2179.6875,1.718752776,2179.6875,0.24158765
0.164325187,2203.125,1.446961258,2203.125,0.24147275
0.268251052,2226.5625,1.402058749,2226.5625,0.24135576
0.326944433,2250.0,1.243426526,2250.0,0.24123931
0.092081983,2273.4375,0.973557784,2273.4375,0.24112421
0.214182137,2296.875,0.556042231,2296.875,0.24100839
0.209769031,2320.3125,0.093809534,2320.3125,0.24089314
0.22279393,2343.75,0.191578146,2343.75,0.240776
0.110898353,2367.1875,0.506690065,2367.1875,0.24065857
0.141138374,2390.625,0.128291481,2390.625,0.24054134
0.215921515,2414.0625,0.414931313,2414.0625,0.24039914
0.428721682,2437.5,0.417142566,2437.5,0.24023734
0.664211236,2460.9375,0.232040076,2460.9375,0.2400763
0.626037183,2484.375,0.543879468,2484.375,0.23992115
0.181333064,2507.8125,0.178507307,2507.8125,0.23978086
0.429852196,2531.25,1.2169292,2531.25,0.23963127
0.684932237,2554.6875,1.80058716,2554.6875,0.2394839
0.767312912,2578.125,1.857760187,2578.125,0.2393397
0.489423904,2601.5625,1.360756524,2601.5625,0.23919949
1.70683056,2625.0,0.53845512,2625.0,0.23905571
0.284953743,2648.4375,1.50107745,2648.4375,0.23891225
0.173178435,2671.875,1.338185309,2671.875,0.23878329
0.107441249,2695.3125,1.66287477,2695.3125,0.2386636
0.532813752,2718.75,0.817517044,2718.75,0.23854731
0.792311673,2742.1875,0.873784329,2742.1875,0.23842774
0.966454647,2765.625,0.484499746,2765.625,0.238309
0.897072542,2789.0625,0.729892387,2789.0625,0.23818229
0.98876793,2812.5,0.269497885,2812.5,0.23805621
0.533848385,2835.9375,0.488142152,2835.9375,0.23792914
1.569603795,2859.375,1.049361791,2859.375,0.2377955
0.494727659,2882.8125,0.170218942,2882.8125,0.2376743
1.028176981,2906.25,0.623820926,2906.25,0.23754016
0.457473644,2929.6875,0.541047771,2929.6875,0.23741226
1.478144316,2953.125,0.602059658,2953.125,0.23727827
1.855613668,2976.5625,0.320028126,2976.5625,0.23714806
0.40767954,3000.0,0.654692909,3000.0,0.23702122
0.302682561,3023.4375,0.378993159,3023.4375,0.23689263
0.700551134,3046.875,2.062099592,3046.875,0.23675324
0.629158582,3070.3125,0.744281887,3070.3125,0.23662937
0.799045414,3093.75,0.415307633,3093.75,0.23650008
0.64110873,3117.1875,1.460769308,3117.1875,0.23636554
0.890032538,3140.625,0.908529255,3140.625,0.23623702
0.485287808,3164.0625,0.688478715,3164.0625,0.2361092
0.743142684,3187.5,0.717450811,3187.5,0.23597795
1.104694415,3210.9375,0.563849947,3210.9375,0.2358472
0.936367679,3234.375,1.273998674,3234.375,0.23571426
1.059681648,3257.8125,0.689395152,3257.8125,0.23558632
1.002760449,3281.25,0.443277339,3281.25,0.23545742
0.981285917,3304.6875,0.289596456,3304.6875,0.23532654
0.843450709,3328.125,0.547243675,3328.125,0.2351865
0.188582071,3351.5625,0.989295889,3351.5625,0.23504761
0.297048429,3375.0,0.434256381,3375.0,0.23491032
0.567291215,3398.4375,0.240798494,3398.4375,0.23477079
0.950649527,3421.875,0.585227869,3421.875,0.2346295
1.611677885,3445.3125,0.312590421,3445.3125,0.2345174
0.47958964,3468.75,0.388749868,3468.75,0.23440939
1.115885809,3492.1875,0.151996822,3492.1875,0.23427205
0.962097336,3515.625,0.465731573,3515.625,0.23413382
0.706739372,3539.0625,0.120148275,3539.0625,0.2339992
1.819643435,3562.5,0.318973038,3562.5,0.23385678
0.520477164,3585.9375,0.191718825,3585.9375,0.233725
1.346145544,3609.375,0.298974177,3609.375,0.23356922
1.029882295,3632.8125,0.410667454,3632.8125,0.23340796
0.35511143,3656.25,0.402077461,3656.25,0.2332489
2.441373291,3679.6875,0.362761574,3679.6875,0.23307773
2.019600674,3703.125,0.322690645,3703.125,0.2329298
1.06304967,3726.5625,0.723718006,3726.5625,0.23279445
2.65798474,3750.0,0.45969407,3750.0,0.2326616
1.266436143,3773.4375,1.139061886,3773.4375,0.23253623
0.090930043,3796.875,0.801925282,3796.875,0.23241131
0.412707024,3820.3125,1.076386979,3820.3125,0.23227364
0.783332496,3843.75,0.174160278,3843.75,0.23214197
0.692625364,3867.1875,1.257110293,3867.1875,0.23200172
0.625538019,3890.625,1.288878189,3890.625,0.2318669
0.230817363,3914.0625,0.33063398,3914.0625,0.2317386
0.171993134,3937.5,0.709996349,3937.5,0.23160191
0.402618734,3960.9375,0.607583205,3960.9375,0.23145579
0.405415287,3984.375,0.658000196,3984.375,0.2313043
0.380727595,4007.8125,0.448425045,4007.8125,0.23115431
0.511834308,4031.25,0.491099965,4031.25,0.23100232
1.345190949,4054.6875,0.834192298,4054.6875,0.23084572
0.301546728,4078.125,0.307186989,4078.125,0.23070177
1.091183389,4101.5625,0.3047788,4101.5625,0.23054719
0.999813859,4125.0,0.173307393,4125.0,0.23039708
0.161729535,4148.4375,0.336597164,4148.4375,0.23024862
0.356933318,4171.875,0.074905017,4171.875,0.23009793
0.092209483,4195.3125,0.326007382,4195.3125,0.22994657
0.090555893,4218.75,1.162286487,4218.75,0.22979921
0.253000784,4242.1875,0.882753759,4242.1875,0.22966158
0.227411019,4265.625,0.144885024,4265.625,0.22952683
0.280471654,4289.0625,0.358475791,4289.0625,0.2293874
0.255485938,4312.5,0.44848661,4312.5,0.22924885
0.292972371,4335.9375,0.943550926,4335.9375,0.22909334
0.408537063,4359.375,1.576484631,4359.375,0.2289357
0.154479373,4382.8125,1.799656702,4382.8125,0.22878154
0.148004077,4406.25,2.065966245,4406.25,0.22862609
0.095742818,4429.6875,1.463800958,4429.6875,0.2284748
0.253955141,4453.125,1.829091113,4453.125,0.2283182
0.334375865,4476.5625,0.46405771,4476.5625,0.22816981
0.292212942,4500.0,0.564461186,4500.0,0.22801529
0.182798209,4523.4375,0.944392095,4523.4375,0.22785977
0.268349524,4546.875,0.843399755,4546.875,0.2277056
0.199174328,4570.3125,0.694368547,4570.3125,0.22755232
0.164343085,4593.75,1.261116703,4593.75,0.22739564
0.181246944,4617.1875,0.840722815,4617.1875,0.22724323
0.486924262,4640.625,1.440101414,4640.625,0.22708492
0.352597586,4664.0625,0.829512515,4664.0625,0.22693403
0.163776728,4687.5,0.574401684,4687.5,0.22678176
0.317968077,4710.9375,0.252928457,4710.9375,0.22662829
0.068307333,4734.375,0.501447863,4734.375,0.22647399
0.190054806,4757.8125,0.897506531,4757.8125,0.2263174
0.332730343,4781.25,0.367350922,4781.25,0.22616494
0.159643139,4804.6875,0.626944496,4804.6875,0.22601025
0.260263891,4828.125,0.714004293,4828.125,0.22585517
0.242451369,4851.5625,0.156200047,4851.5625,0.22571713
0.242816438,4875.0,0.250681786,4875.0,0.22557819
0.39852772,4898.4375,0.39138246,4898.4375,0.22543839
0.0816544,4921.875,0.206088716,4921.875,0.22529858
0.154147471,4945.3125,0.641845703,4945.3125,0.22515331
0.058479346,4968.75,0.688200163,4968.75,0.22501054
0.0985029,4992.1875,0.42428538,4992.1875,0.22486857
0.066253943,5015.625,0.209341991,5015.625,0.22473173
0.256950582,5039.0625,0.263714462,5039.0625,0.22459625
0.272710628,5062.5,0.432247348,5062.5,0.22446105
0.278139374,5085.9375,0.809418029,5085.9375,0.22432509
0.07938212,5109.375,0.716090099,5109.375,0.22419183
0.182077562,5132.8125,0.160652381,5132.8125,0.22405909
0.251339481,5156.25,0.122487591,5156.25,0.22392447
0.154262222,5179.6875,0.84497104,5179.6875,0.22378759
0.113276691,5203.125,0.812361366,5203.125,0.22365342
0.351689727,5226.5625,0.617077905,5226.5625,0.22351871
0.124998473,5250.0,0.669882574,5250.0,0.22338499
0.18574201,5273.4375,0.543672055,5273.4375,0.22325075
0.247988414,5296.875,0.190943771,5296.875,0.2231174
0.158072918,5320.3125,0.65334115,5320.3125,0.2229815
0.075165697,5343.75,0.354645974,5343.75,0.22284855
0.127936582,5367.1875,0.628552236,5367.1875,0.22271279
0.303000504,5390.625,1.115831248,5390.625,0.22257568
0.166430038,5414.0625,0.858284833,5414.0625,0.22244279
0.248700208,5437.5,0.13039512,5437.5,0.22231081
0.172414795,5460.9375,0.564094226,5460.9375,0.22217497
0.131396199,5484.375,0.107870313,5484.375,0.22204246
0.124000422,5507.8125,0.544240234,5507.8125,0.2219063
0.400893478,5531.25,0.556958399,5531.25,0.22177063
0.14092676,5554.6875,0.457278542,5554.6875,0.22163765
0.173993416,5578.125,0.634304441,5578.125,0.22150233
0.02563685,5601.5625,0.552847537,5601.5625,0.2213688
0.240327782,5625.0,0.279287747,5625.0,0.2212345
0.338285667,5648.4375,0.114447176,5648.4375,0.22110027
0.420218403,5671.875,0.250457515,5671.875,0.22096492
0.538787666,5695.3125,0.636502419,5695.3125,0.22082844
0.475422852,5718.75,0.587340294,5718.75,0.22069444
0.3621331,5742.1875,0.504794888,5742.1875,0.22056076
0.218117055,5765.625,0.96075571,5765.625,0.22042511
0.572770218,5789.0625,0.643704205,5789.0625,0.2202904
0.23011618,5812.5,0.367935098,5812.5,0.22015844
0.271667629,5835.9375,0.042871243,5835.9375,0.22002506
0.14557009,5859.375,0.400299723,5859.375,0.21988973
0.06738817,5882.8125,0.560867368,5882.8125,0.21975496
0.156443883,5906.25,0.594682876,5906.25,0.21961999
0.112059765,5929.6875,0.531669336,5929.6875,0.21948595
0.0625002,5953.125,0.914940144,5953.125,0.21935019
0.521655784,5976.5625,0.350440808,5976.5625,0.21921599
0.262281492,6000.0,0.289977351,6000.0,0.21908285
0.216330607,6023.4375,0.332891833,6023.4375,0.21894841
0.108394017,6046.875,0.09458854,6046.875,0.21881531
0.107739634,6070.3125,0.822064165,6070.3125,0.21867801
0.255427399,6093.75,0.669450331,6093.75,0.21854351
0.089291642,6117.1875,0.414485677,6117.1875,0.21841073
0.136387934,6140.625,0.242438067,6140.625,0.21827674
0.147424462,6164.0625,0.665932654,6164.0625,0.21814057
0.032690802,6187.5,0.4573479,6187.5,0.2180074
0.122326731,6210.9375,0.641803234,6210.9375,0.21787183
0.121237674,6234.375,0.389808385,6234.375,0.21773835
0.151370863,6257.8125,0.446337496,6257.8125,0.21760353
0.094459664,6281.25,0.166568024,6281.25,0.2174704
0.317127969,6304.6875,0.055769448,6304.6875,0.21733542
0.057369832,6328.125,0.106124617,6328.125,0.21720184
0.173714421,6351.5625,0.179925893,6351.5625,0.2170666
0.048437915,6375.0,0.33119916,6375.0,0.21693206
0.131741544,6398.4375,0.297619124,6398.4375,0.21679737
0.157511344,6421.875,0.380745432,6421.875,0.21666247
0.091257191,6445.3125,0.265995052,6445.3125,0.21653208
0.188484549,6468.75,0.422699371,6468.75,0.21641032
0.356642083,6492.1875,0.072499112,6492.1875,0.21629053
0.029641738,6515.625,0.171188942,6515.625,0.2161707
0.186210862,6539.0625,0.191453167,6539.0625,0.21604931
0.38971101,6562.5,0.172449234,6562.5,0.21591793
0.427641928,6585.9375,0.744513612,6585.9375,0.21578366
0.177322377,6609.375,0.290987186,6609.375,0.2156565
0.080342131,6632.8125,0.315203987,6632.8125,0.21552593
0.154065255,6656.25,0.170229427,6656.25,0.21539557
0.186504405,6679.6875,0.102649202,6679.6875,0.21525045
0.069548916,6703.125,0.118930482,6703.125,0.21510422
0.094239439,6726.5625,0.17026616,6726.5625,0.21495716
0.404080307,6750.0,0.235216694,6750.0,0.21480873
0.204374881,6773.4375,0.473336965,6773.4375,0.21466497
0.138678849,6796.875,0.458628986,6796.875,0.21452715
0.112582435,6820.3125,0.41352043,6820.3125,0.21438932
0.059251613,6843.75,0.297952168,6843.75,0.21425201
0.277085459,6867.1875,0.293356401,6867.1875,0.21411285
0.152437937,6890.625,0.110631345,6890.625,0.21397623
0.191669302,6914.0625,0.378170656,6914.0625,0.21383639
0.334080923,6937.5,0.164543154,6937.5,0.21369871
0.177075758,6960.9375,0.401111268,6960.9375,0.21355994
0.059824558,6984.375,0.062268931,6984.375,0.21342416
0.136482339,7007.8125,0.081041016,7007.8125,0.2132855
0.457191354,7031.25,0.620855612,7031.25,0.21314286
0.135872198,7054.6875,0.276917325,7054.6875,0.21300805
0.245012631,7078.125,0.063723065,7078.125,0.21287054
0.085184898,7101.5625,0.181924357,7101.5625,0.21274355
0.04596183,7125.0,0.095850805,7125.0,0.21262208
0.342604132,7148.4375,0.362143847,7148.4375,0.21249731
0.148434809,7171.875,0.092308425,7171.875,0.21237746
0.282621983,7195.3125,0.437711509,7195.3125,0.21225302
0.344220824,7218.75,0.159647062,7218.75,0.21213207
0.063767153,7242.1875,0.188108582,7242.1875,0.2120111
0.091312246,7265.625,0.200485984,7265.625,0.21188882
0.170435537,7289.0625,0.284038225,7289.0625,0.21176596
0.357587521,7312.5,0.438260255,7312.5,0.21164224
0.284356883,7335.9375,0.144201041,7335.9375,0.21152198
0.041522076,7359.375,0.435297121,7359.375,0.2113995
0.326423108,7382.8125,0.396942804,7382.8125,0.21127632
0.203703589,7406.25,0.286092116,7406.25,0.21115535
0.251776821,7429.6875,0.339190928,7429.6875,0.21103278
0.084508376,7453.125,0.176444518,7453.125,0.21091227
0.111362728,7476.5625,0.232184997,7476.5625,0.21078977
0.3282777,7500.0,0.022074805,7500.0,0.21066777
0.069752348,7523.4375,0.180605988,7523.4375,0.21054605
0.183445532,7546.875,0.441763401,7546.875,0.21042211
0.429413923,7570.3125,0.415504693,7570.3125,0.21029906
0.295577541,7593.75,0.044309276,7593.75,0.21017945
0.232954732,7617.1875,0.02985499,7617.1875,0.21005772
0.094519259,7640.625,0.193192295,7640.625,0.20993544
0.115117098,7664.0625,0.299604399,7664.0625,0.20981309
0.118869434,7687.5,0.228061399,7687.5,0.2096999
0.094798288,7710.9375,0.317188251,7710.9375,0.20958614
0.329591194,7734.375,0.256121862,7734.375,0.20947184
0.242901299,7757.8125,0.306999316,7757.8125,0.20935856
0.187717778,7781.25,0.339571412,7781.25,0.20924519
0.399482502,7804.6875,0.141070319,7804.6875,0.20913157
0.989415175,7828.125,0.230275796,7828.125,0.20901495
0.428001709,7851.5625,0.406505914,7851.5625,0.20890336
0.173197241,7875.0,0.114872615,7875.0,0.20879233
0.254510559,7898.4375,0.481943868,7898.4375,0.2086769
0.323616769,7921.875,0.5308103,7921.875,0.2085629
0.189797389,7945.3125,0.185029347,7945.3125,0.20845152
0.533717382,7968.75,0.233092698,7968.75,0.20833623
0.571574272,7992.1875,0.26446779,7992.1875,0.208232
0.585424753,8015.625,0.118478963,8015.625,0.20813653
0.432377581,8039.0625,0.27865199,8039.0625,0.20804054
0.323817848,8062.5,0.505120265,8062.5,0.2079441
0.357556585,8085.9375,0.430333405,8085.9375,0.20784824
0.395501607,8109.375,0.290748273,8109.375,0.20775262
0.089117103,8132.8125,0.116712334,8132.8125,0.20765868
0.258319252,8156.25,0.018393681,8156.25,0.2075623
0.18119413,8179.6875,0.29907718,8179.6875,0.2074655
0.107704455,8203.125,0.142349499,8203.125,0.20737045
0.13788081,8226.5625,0.354917931,8226.5625,0.20727344
0.201509479,8250.0,0.12414151,8250.0,0.20717807
0.212519287,8273.4375,0.139744855,8273.4375,0.20708194
0.064500903,8296.875,0.151531677,8296.875,0.20698655
0.131609683,8320.3125,0.273112688,8320.3125,0.20688973
0.121268114,8343.75,0.148909645,8343.75,0.20679428
0.148958995,8367.1875,0.068530561,8367.1875,0.20669846
0.127409184,8390.625,0.240872565,8390.625,0.20660184
0.165695887,8414.0625,0.241768836,8414.0625,0.20650566
0.070636873,8437.5,0.381479382,8437.5,0.2064095
0.101715455,8460.9375,0.269679608,8460.9375,0.2063138
0.157631141,8484.375,0.206795074,8484.375,0.20622104
0.166402979,8507.8125,0.215516169,8507.8125,0.20612925
0.151199915,8531.25,0.219544594,8531.25,0.20603757
0.200067174,8554.6875,0.109079069,8554.6875,0.20594595
0.347958149,8578.125,0.292917067,8578.125,0.20585312
0.200936253,8601.5625,0.360572055,8601.5625,0.20576179
0.053823128,8625.0,0.256159981,8625.0,0.20567094
0.21081261,8648.4375,0.133189851,8648.4375,0.20557892
0.22921229,8671.875,0.272439329,8671.875,0.20548673
0.183878905,8695.3125,0.164907514,8695.3125,0.20539548
0.104938771,8718.75,0.408931945,8718.75,0.20530339
0.164679902,8742.1875,0.128501005,8742.1875,0.20521219
0.20206389,8765.625,0.258213945,8765.625,0.20511995
0.067639865,8789.0625,0.126526336,8789.0625,0.20502913
0.023010531,8812.5,0.34046259,8812.5,0.20493697
0.142788252,8835.9375,0.1242114,8835.9375,0.20484537
0.163607058,8859.375,0.113923688,8859.375,0.2047536
0.111095616,8882.8125,0.103565063,8882.8125,0.2046621
0.020945911,8906.25,0.249504218,8906.25,0.20457032
0.070461803,8929.6875,0.159441675,8929.6875,0.20447865
0.088817175,8953.125,0.206761467,8953.125,0.20438671
0.156055825,8976.5625,0.293263893,8976.5625,0.20429447
0.080999629,9000.0,0.218629117,9000.0,0.20420325
0.215192395,9023.4375,0.099769916,9023.4375,0.20411132
0.122711649,9046.875,0.20013984,9046.875,0.20401967
0.303322985,9070.3125,0.351523867,9070.3125,0.20392679
0.094288632,9093.75,0.256502584,9093.75,0.20383616
0.089717213,9117.1875,0.15075313,9117.1875,0.20374474
0.212593728,9140.625,0.205428205,9140.625,0.20365238
0.273558971,9164.0625,0.192864581,9164.0625,0.20356044
0.079575436,9187.5,0.096587726,9187.5,0.20346975
0.270992172,9210.9375,0.066223672,9210.9375,0.20337734
0.365703338,9234.375,0.159738176,9234.375,0.20328498
0.103266945,9257.8125,0.48667479,9257.8125,0.20319337
0.047694133,9281.25,0.397418316,9281.25,0.20310211
0.23013569,9304.6875,0.413302581,9304.6875,0.2030096
0.115440047,9328.125,0.062243907,9328.125,0.20291932
0.351687464,9351.5625,0.095159208,9351.5625,0.20282656
0.19348649,9375.0,0.391198794,9375.0,0.20273462
0.037738406,9398.4375,0.119519627,9398.4375,0.20264429
0.102748372,9421.875,0.376852065,9421.875,0.20255157
0.308269829,9445.3125,0.157403191,9445.3125,0.20244433
0.144632116,9468.75,0.077858245,9468.75,0.20233731
0.426123691,9492.1875,0.066794184,9492.1875,0.20222831
0.310081563,9515.625,0.126421062,9515.625,0.20212077
0.071147007,9539.0625,0.12459681,9539.0625,0.20201388
0.200880104,9562.5,0.437816243,9562.5,0.2019047
0.166853327,9585.9375,0.250452898,9585.9375,0.20179741
0.243300201,9609.375,0.069712906,9609.375,0.20168966
0.460222638,9632.8125,0.343692582,9632.8125,0.20158024
0.321559317,9656.25,0.017052492,9656.25,0.20147373
0.682802494,9679.6875,0.070801536,9679.6875,0.20136425
0.194139341,9703.125,0.149373034,9703.125,0.20125817
0.212805853,9726.5625,0.362581046,9726.5625,0.2011497
0.187728685,9750.0,0.040456261,9750.0,0.20104271
0.681323026,9773.4375,0.140939775,9773.4375,0.20093256
0.349362416,9796.875,0.046098897,9796.875,0.20082629
0.478273033,9820.3125,0.133916871,9820.3125,0.20071766
0.291765312,9843.75,0.337394482,9843.75,0.20061004
0.154819031,9867.1875,0.206439283,9867.1875,0.20050305
0.151178152,9890.625,0.05943607,9890.625,0.20039555
0.619199106,9914.0625,0.136582695,9914.0625,0.20028557
0.074383842,9937.5,0.140177899,9937.5,0.2001799
0.153464383,9960.9375,0.119070856,9960.9375,0.20007177
0.399362797,9984.375,0.158327127,9984.375,0.19996278
0.25783667,10007.8125,0.130446159,10007.8125,0.19985555
0.130461627,10031.25,0.15761808,10031.25,0.19974813
0.148525796,10054.6875,0.179334631,10054.6875,0.19964013
0.325633623,10078.125,0.121473104,10078.125,0.19953166
0.259968871,10101.5625,0.102014873,10101.5625,0.1994241
0.092024725,10125.0,0.117004661,10125.0,0.19931689
0.304367506,10148.4375,0.132555789,10148.4375,0.1992081
0.102567122,10171.875,0.157254811,10171.875,0.19910099
0.203320755,10195.3125,0.122752499,10195.3125,0.19899277
0.228919766,10218.75,0.08332723,10218.75,0.19888489
0.324482597,10242.1875,0.157171121,10242.1875,0.19877645
0.154619955,10265.625,0.038073607,10265.625,0.19866955
0.229215204,10289.0625,0.066443731,10289.0625,0.1985613
0.040473652,10312.5,0.125414025,10312.5,0.19845405
0.166273445,10335.9375,0.185409057,10335.9375,0.19834553
0.114541151,10359.375,0.185631227,10359.375,0.19823784
0.115325104,10382.8125,0.053042014,10382.8125,0.1981303
0.145721806,10406.25,0.149460722,10406.25,0.19802205
0.196120102,10429.6875,0.102783663,10429.6875,0.19791408
0.187464713,10453.125,0.089744518,10453.125,0.19780627
0.031187022,10476.5625,0.055052091,10476.5625,0.19769911
0.35680361,10500.0,0.052575265,10500.0,0.19758992
0.147955427,10523.4375,0.108914334,10523.4375,0.19748276
0.056586617,10546.875,0.021455615,10546.875,0.19737548
0.246781112,10570.3125,0.045562315,10570.3125,0.19726676
0.196998399,10593.75,0.086753975,10593.75,0.19715898
0.17068618,10617.1875,0.20166576,10617.1875,0.19705093
0.025481063,10640.625,0.03882067,10640.625,0.19694404
0.084466479,10664.0625,0.141350895,10664.0625,0.19683568
0.077687818,10687.5,0.039699741,10687.5,0.19672807
0.217418709,10710.9375,0.108981631,10710.9375,0.19661947
0.072011973,10734.375,0.072223094,10734.375,0.19651225
0.088080187,10757.8125,0.11237306,10757.8125,0.19640423
0.198199334,10781.25,0.170755151,10781.25,0.19629575
0.169634255,10804.6875,0.099187455,10804.6875,0.19618817
0.032618873,10828.125,0.166654315,10828.125,0.19608068
0.202098919,10851.5625,0.088054172,10851.5625,0.19597231
0.19270943,10875.0,0.077987403,10875.0,0.19586448
0.16277843,10898.4375,0.099658595,10898.4375,0.19575669
0.163992946,10921.875,0.025697421,10921.875,0.19564898
0.145253337,10945.3125,0.107455464,10945.3125,0.195541
0.243223644,10968.75,0.23475043,10968.75,0.1954324
0.131535706,10992.1875,0.166455692,10992.1875,0.19532514
0.260729699,11015.625,0.033845224,11015.625,0.19521707
0.095532156,11039.0625,0.06172028,11039.0625,0.1951098
0.138931157,11062.5,0.058458182,11062.5,0.19500175
0.08602348,11085.9375,0.14198831,11085.9375,0.19489388
0.193457388,11109.375,0.150611644,11109.375,0.19478555
0.149735158,11132.8125,0.03617432,11132.8125,0.19467813
0.203583865,11156.25,0.093464505,11156.25,0.19456989
0.20596661,11179.6875,0.071549949,11179.6875,0.19446206
0.093719716,11203.125,0.03117548,11203.125,0.19435474
0.08038276,11226.5625,0.156163934,11226.5625,0.1942466
0.142972143,11250.0,0.078810169,11250.0,0.19413866
0.105743696,11273.4375,0.078839613,11273.4375,0.19403094
0.034608265,11296.875,0.081589294,11296.875,0.19392334
0.096735864,11320.3125,0.103659999,11320.3125,0.19381516
0.078218893,11343.75,0.05519535,11343.75,0.19370748
0.074707835,11367.1875,0.126288136,11367.1875,0.19359945
0.160901478,11390.625,0.119310647,11390.625,0.19349122
0.133169795,11414.0625,0.068951404,11414.0625,0.19338359
0.070986165,11437.5,0.050741625,11437.5,0.19327602
0.074289298,11460.9375,0.127995855,11460.9375,0.19316792
0.063285035,11484.375,0.068237762,11484.375,0.19306025
0.10691286,11507.8125,0.114174248,11507.8125,0.19295207
0.06134033,11531.25,0.101481762,11531.25,0.19284442
0.11752326,11554.6875,0.069965593,11554.6875,0.19273639
0.094730963,11578.125,0.174430506,11578.125,0.19262834
0.080513665,11601.5625,0.126071666,11601.5625,0.19252063
0.024988663,11625.0,0.040517106,11625.0,0.19241321
0.03121925,11648.4375,0.190806316,11648.4375,0.19230494
0.133753234,11671.875,0.117252215,11671.875,0.19219682
0.037846771,11695.3125,0.068276348,11695.3125,0.19208945
0.074494054,11718.75,0.041821872,11718.75,0.1919815
0.035863868,11742.1875,0.255895792,11742.1875,0.19187325
0.008777407,11765.625,0.215092921,11765.625,0.19176558
0.088802754,11789.0625,0.090841479,11789.0625,0.19165769
0.024891853,11812.5,0.110743176,11812.5,0.19155002
0.0787265,11835.9375,0.174813205,11835.9375,0.19144176
0.016122996,11859.375,0.110094185,11859.375,0.19133429
0.052945023,11882.8125,0.067084082,11882.8125,0.19122638
0.055286831,11906.25,0.102101224,11906.25,0.1911184
0.084670283,11929.6875,0.072062182,11929.6875,0.19101049
0.061159444,11953.125,0.068515926,11953.125,0.19090271
0.079158274,11976.5625,0.024172602,11976.5625,0.19079487
0.046530901,12000.0,0.108972238,12000.0,0.19068693
0.024850859,12023.4375,0.040648446,12023.4375,0.1905793
0.039932792,12046.875,0.09160787,12046.875,0.19047125
0.058393383,12070.3125,0.125746304,12070.3125,0.1903632
0.014428002,12093.75,0.10939589,12093.75,0.19025554
0.037661733,12117.1875,0.108435202,12117.1875,0.19014756
0.089727527,12140.625,0.110954577,12140.625,0.19003947
0.063748467,12164.0625,0.073273953,12164.0625,0.1899318
0.060913112,12187.5,0.121032438,12187.5,0.1898238
0.011410779,12210.9375,0.080609134,12210.9375,0.18971623
0.031336579,12234.375,0.091782508,12234.375,0.18960825
0.067952586,12257.8125,0.108463099,12257.8125,0.18950018
0.055905711,12281.25,0.089657306,12281.25,0.1893924
0.064096755,12304.6875,0.089424428,12304.6875,0.18928449
0.053348936,12328.125,0.196193882,12328.125,0.1891764
0.020079964,12351.5625,0.064833679,12351.5625,0.18906897
0.052079611,12375.0,0.052763271,12375.0,0.188961
0.052804315,12398.4375,0.060813508,12398.4375,0.1888531
0.047260727,12421.875,0.131715727,12421.875,0.18874507
0.003709231,12445.3125,0.018597961,12445.3125,0.18863642
0.051387889,12468.75,0.219311254,12468.75,0.18851916
0.064855531,12492.1875,0.128086066,12492.1875,0.18840283
0.095180308,12515.625,0.185693926,12515.625,0.18828604
0.032612341,12539.0625,0.129413448,12539.0625,0.18816993
0.093266685,12562.5,0.044490778,12562.5,0.18805338
0.084684655,12585.9375,0.177306582,12585.9375,0.18793654
0.031520862,12609.375,0.226346565,12609.375,0.18782012
0.050018533,12632.8125,0.293543351,12632.8125,0.18770333
0.053967496,12656.25,0.335186154,12656.25,0.18758668
0.026401233,12679.6875,0.18454009,12679.6875,0.18747069
0.018219858,12703.125,0.185473468,12703.125,0.1873542
0.060277363,12726.5625,0.029815357,12726.5625,0.18723793
0.02780683,12750.0,0.124914369,12750.0,0.18712129
0.042455818,12773.4375,0.197463894,12773.4375,0.1870045
0.032972515,12796.875,0.327608393,12796.875,0.18688768
0.050876033,12820.3125,0.26428929,12820.3125,0.18677126
0.135042577,12843.75,0.267627892,12843.75,0.18665437
0.097142512,12867.1875,0.191712406,12867.1875,0.18653822
0.050128943,12890.625,0.247077563,12890.625,0.18642177
0.041706082,12914.0625,0.159497795,12914.0625,0.18630551
0.014417494,12937.5,0.188985449,12937.5,0.18618903
0.056131398,12960.9375,0.349221912,12960.9375,0.18607189
0.037463973,12984.375,0.238737894,12984.375,0.18595575
0.034973212,13007.8125,0.266172905,13007.8125,0.18583916
0.026749034,13031.25,0.237304415,13031.25,0.18572277
0.045150205,13054.6875,0.178335158,13054.6875,0.18560632
0.05482289,13078.125,0.025128956,13078.125,0.18549018
0.017212443,13101.5625,0.050729652,13101.5625,0.18537375
0.070063824,13125.0,0.089139633,13125.0,0.1852569
0.070107271,13148.4375,0.07414252,13148.4375,0.18514043
0.030257345,13171.875,0.104220204,13171.875,0.185024
0.036328471,13195.3125,0.061549395,13195.3125,0.18490759
0.070536465,13218.75,0.097324639,13218.75,0.1847908
0.054129211,13242.1875,0.166976984,13242.1875,0.18467419
0.011979367,13265.625,0.217420462,13265.625,0.1845577
0.027541671,13289.0625,0.223648967,13289.0625,0.18444109
0.023944196,13312.5,0.333167426,13312.5,0.18432428
0.031893601,13335.9375,0.214952177,13335.9375,0.18420807
0.019479484,13359.375,0.145199481,13359.375,0.18409179
0.047897347,13382.8125,0.210602361,13382.8125,0.18397497
0.02110172,13406.25,0.241784034,13406.25,0.18385847
0.027333794,13429.6875,0.188918287,13429.6875,0.18374208
0.051720055,13453.125,0.267975124,13453.125,0.18362525
0.036410105,13476.5625,0.161924006,13476.5625,0.18350907
0.025144354,13500.0,0.144936459,13500.0,0.18339264
0.007747619,13523.4375,0.194397386,13523.4375,0.18327607
0.012276385,13546.875,0.086894284,13546.875,0.18315981
0.011415639,13570.3125,0.126465303,13570.3125,0.1830432
0.051372592,13593.75,0.165344765,13593.75,0.1829264
0.047008361,13617.1875,0.075707219,13617.1875,0.18281016
0.002723499,13640.625,0.131662538,13640.625,0.18269368
0.033813468,13664.0625,0.056478022,13664.0625,0.18257722
0.056894637,13687.5,0.072323444,13687.5,0.18246056
0.041882286,13710.9375,0.032364718,13710.9375,0.18234421
0.025136355,13734.375,0.019098258,13734.375,0.18222779
0.064537495,13757.8125,0.061896699,13757.8125,0.18211101
0.071951356,13781.25,0.134880162,13781.25,0.18200468
0.049737293,13804.6875,0.093914671,13804.6875,0.18189912
0.070172489,13828.125,0.060747288,13828.125,0.18179339
0.039354595,13851.5625,0.001082472,13851.5625,0.1816879
0.026873554,13875.0,0.044086618,13875.0,0.18158211
0.038264665,13898.4375,0.073889397,13898.4375,0.18147624
0.04046338,13921.875,0.01856762,13921.875,0.18137062
0.088891503,13945.3125,0.084077828,13945.3125,0.18126452
0.06533696,13968.75,0.02438894,13968.75,0.18115902
0.045442206,13992.1875,0.040973219,13992.1875,0.18105331
0.020237711,14015.625,0.049320527,14015.625,0.18094765
0.089983187,14039.0625,0.046394001,14039.0625,0.18084162
0.049769559,14062.5,0.012906791,14062.5,0.18073612
0.067351216,14085.9375,0.044105617,14085.9375,0.18063024
0.035598656,14109.375,0.032892225,14109.375,0.18052465
0.063629236,14132.8125,0.016005666,14132.8125,0.18041883
0.020539003,14156.25,0.042681524,14156.25,0.18031318
0.042671218,14179.6875,0.11988771,14179.6875,0.18020716
0.018590824,14203.125,0.050857626,14203.125,0.18010168
0.007496903,14226.5625,0.0685822,14226.5625,0.17999592
0.031552398,14250.0,0.025022005,14250.0,0.1798902
0.040119353,14273.4375,0.045628892,14273.4375,0.17978437
0.050692229,14296.875,0.021786533,14296.875,0.17967863
0.058106219,14320.3125,0.130732344,14320.3125,0.1795726
0.049357879,14343.75,0.076641947,14343.75,0.17946704
0.023923774,14367.1875,0.041013714,14367.1875,0.17936146
0.031983198,14390.625,0.046699627,14390.625,0.17925566
0.02129368,14414.0625,0.03970269,14414.0625,0.17914999
0.055399858,14437.5,0.093147728,14437.5,0.17904398
0.007436605,14460.9375,0.071343722,14460.9375,0.17893846
0.029394869,14484.375,0.055165321,14484.375,0.1788327
0.018239507,14507.8125,0.045401719,14507.8125,0.178727
0.025723406,14531.25,0.063870428,14531.25,0.17862119
0.006680803,14554.6875,0.035294345,14554.6875,0.17851558
0.020938224,14578.125,0.064916377,14578.125,0.17840971
0.031753972,14601.5625,0.077317853,14601.5625,0.17830388
0.016675518,14625.0,0.086136644,14625.0,0.17819817
0.013026247,14648.4375,0.078163639,14648.4375,0.17809248
0.025477878,14671.875,0.013201636,14671.875,0.17798683
0.024057047,14695.3125,0.037441987,14695.3125,0.17788103
0.013160027,14718.75,0.048315573,14718.75,0.1777753
0.029768268,14742.1875,0.050873006,14742.1875,0.1776695
0.007845786,14765.625,0.051355873,14765.625,0.17756383
0.014154676,14789.0625,0.025674875,14789.0625,0.17745812
0.023375456,14812.5,0.052619181,14812.5,0.17735228
0.023391207,14835.9375,0.011771737,14835.9375,0.17724663
0.017013297,14859.375,0.0423607,14859.375,0.17714083
0.004778331,14882.8125,0.071960868,14882.8125,0.17703506
0.019676786,14906.25,0.069661241,14906.25,0.17692927
0.020206056,14929.6875,0.03032936,14929.6875,0.17682362
0.018920999,14953.125,0.026069752,14953.125,0.17671788
0.014408267,14976.5625,0.064692687,14976.5625,0.17661206
0.005622614,15000.0,0.024976345,15000.0,0.17650644
0.029771656,15023.4375,0.046482471,15023.4375,0.17640056
0.020951876,15046.875,0.040815992,15046.875,0.17629485
0.017465516,15070.3125,0.02510854,15070.3125,0.17618917
0.062253021,15093.75,0.025335112,15093.75,0.17608324
0.080546845,15117.1875,0.075210384,15117.1875,0.1759773
0.003949111,15140.625,0.033508216,15140.625,0.17587195
0.018397394,15164.0625,0.042811043,15164.0625,0.17576614
0.044564489,15187.5,0.002846494,15187.5,0.17566039
0.077224756,15210.9375,0.021322976,15210.9375,0.17555447
0.042635111,15234.375,0.026194082,15234.375,0.17544885
0.051162916,15257.8125,0.066516779,15257.8125,0.17534296
0.03897683,15281.25,0.024387052,15281.25,0.17523737
0.055056162,15304.6875,0.076113465,15304.6875,0.17513144
0.050251601,15328.125,0.034688848,15328.125,0.1750258
0.024133731,15351.5625,0.054362907,15351.5625,0.17492013
0.048061665,15375.0,0.018139626,15375.0,0.17481436
0.039445054,15398.4375,0.017875918,15398.4375,0.17470866
0.023183219,15421.875,0.006995147,15421.875,0.174603
0.018761431,15445.3125,0.049769608,15445.3125,0.17449717
0.042071969,15468.75,0.029218685,15468.75,0.17439137
0.0281582,15492.1875,0.056224154,15492.1875,0.17428562
0.024628391,15515.625,0.024135338,15515.625,0.17417997
0.030423137,15539.0625,0.045179952,15539.0625,0.17407721
0.060305785,15562.5,0.032989531,15562.5,0.17398162
0.025459467,15585.9375,0.021742554,15585.9375,0.17388624
0.028292937,15609.375,0.015500121,15609.375,0.17379071
0.018011487,15632.8125,0.038142118,15632.8125,0.17369518
0.01557048,15656.25,0.024142353,15656.25,0.17359969
0.020874374,15679.6875,0.021518762,15679.6875,0.17350416
0.037342705,15703.125,0.03526502,15703.125,0.17340852
0.022599278,15726.5625,0.028583567,15726.5625,0.17331307
0.036442092,15750.0,0.049471097,15750.0,0.17321745
0.010264116,15773.4375,0.024205812,15773.4375,0.17312208
0.051412187,15796.875,0.032508798,15796.875,0.17302638
0.05525262,15820.3125,0.009964256,15820.3125,0.17293088
0.004441643,15843.75,0.039487114,15843.75,0.17283545
0.025839809,15867.1875,0.062043328,15867.1875,0.1727398
0.021530486,15890.625,0.020149651,15890.625,0.1726444
0.014228805,15914.0625,0.008068119,15914.0625,0.17254895
0.009763066,15937.5,0.034796678,15937.5,0.17245336
0.039476494,15960.9375,0.037100454,15960.9375,0.17235771
0.006484698,15984.375,0.0067049,15984.375,0.17226239
0.009982279,16007.8125,0.027770246,16007.8125,0.17216678
0.028604296,16031.25,0.035262093,16031.25,0.17207117
0.020471454,16054.6875,0.029855602,16054.6875,0.1719757
0.016267589,16078.125,0.018826489,16078.125,0.17188022
0.010109522,16101.5625,0.018591901,16101.5625,0.1717847
0.004611867,16125.0,0.034045751,16125.0,0.17168915
0.002630953,16148.4375,0.043188268,16148.4375,0.1715936
0.011203496,16171.875,0.018440374,16171.875,0.17149812
0.005487223,16195.3125,0.013387333,16195.3125,0.17140263
0.028047655,16218.75,0.033041849,16218.75,0.17130695
0.010767709,16242.1875,0.013963341,16242.1875,0.17121156
0.00831815,16265.625,0.037305415,16265.625,0.17111598
0.005207588,16289.0625,0.03324018,16289.0625,0.17102046
0.007477719,16312.5,0.021141661,16312.5,0.17092496
0.010834251,16335.9375,0.018301887,16335.9375,0.17082943
0.005923402,16359.375,0.032205841,16359.375,0.17073387
0.014029561,16382.8125,0.009993929,16382.8125,0.17063837
0.014243872,16406.25,0.014981837,16406.25,0.17054284
0.01288259,16429.6875,0.019627036,16429.6875,0.1704473
0.005575336,16453.125,0.016601901,16453.125,0.17035182
0.017241197,16476.5625,0.039895621,16476.5625,0.17025617
0.013134404,16500.0,0.017372198,16500.0,0.17016073
0.011863163,16523.4375,0.039753353,16523.4375,0.17006513
0.015000678,16546.875,0.018568244,16546.875,0.16996966
0.006725477,16570.3125,0.026387336,16570.3125,0.16987415
0.01631625,16593.75,0.004120772,16593.75,0.16977865
0.007314821,16617.1875,0.025949721,16617.1875,0.16968308
0.010061889,16640.625,0.012189744,16640.625,0.16958758
0.006629021,16664.0625,0.009841223,16664.0625,0.16949207
0.005340578,16687.5,0.025268176,16687.5,0.1693965
0.007866121,16710.9375,0.024607702,16710.9375,0.16930099
0.003187583,16734.375,0.019737582,16734.375,0.16920549
0.002446493,16757.8125,0.017262419,16757.8125,0.16910997
0.006002438,16781.25,0.024456381,16781.25,0.16901441
0.015174187,16804.6875,0.025506423,16804.6875,0.16891885
0.006813441,16828.125,0.019226615,16828.125,0.16882336
0.015876787,16851.5625,0.002229568,16851.5625,0.16872784
0.014743731,16875.0,0.018673215,16875.0,0.16863228
0.008674399,16898.4375,0.025308948,16898.4375,0.16853674
0.010942479,16921.875,0.022527735,16921.875,0.16844122
0.007804454,16945.3125,0.006460153,16945.3125,0.16834575
0.006455397,16968.75,0.028477707,16968.75,0.16825017
0.005629214,16992.1875,0.00895115,16992.1875,0.1681547
0.016794078,17015.625,0.025536033,17015.625,0.16805907
0.004676339,17039.0625,0.013680739,17039.0625,0.16796364
0.012176857,17062.5,0.028017969,17062.5,0.16786803
0.009740817,17085.9375,0.017008663,17085.9375,0.16777256
0.013626898,17109.375,0.019363871,17109.375,0.16767702
0.0062046,17132.8125,0.028123123,17132.8125,0.16758147
0.003979957,17156.25,0.027548877,17156.25,0.16748595
0.007607409,17179.6875,0.012959027,17179.6875,0.16739045
0.019099269,17203.125,0.030029819,17203.125,0.16729484
0.023033288,17226.5625,0.008764239,17226.5625,0.16719937
0.006818878,17250.0,0.008826366,17250.0,0.16710389
0.016623259,17273.4375,0.017585173,17273.4375,0.1670083
0.015330014,17296.875,0.037545258,17296.875,0.16691273
0.013276908,17320.3125,0.015597838,17320.3125,0.16681726
0.012804851,17343.75,0.026140244,17343.75,0.16672172
0.017054379,17367.1875,0.015141082,17367.1875,0.16662619
0.012545618,17390.625,0.032696894,17390.625,0.16653065
0.010015153,17414.0625,0.016265019,17414.0625,0.16643517
0.011503138,17437.5,0.019544323,17437.5,0.16633964
0.015659621,17460.9375,0.02065917,17460.9375,0.16624409
0.017899886,17484.375,0.032858229,17484.375,0.1661485
0.009093973,17507.8125,0.016308104,17507.8125,0.16605306
0.008614071,17531.25,0.019683666,17531.25,0.16595753
0.01542239,17554.6875,0.005095703,17554.6875,0.16586202
0.018499838,17578.125,0.011959487,17578.125,0.16576645
0.012832263,17601.5625,0.029180122,17601.5625,0.1656709
0.009514945,17625.0,0.027749201,17625.0,0.16557539
0.001194623,17648.4375,0.015456906,17648.4375,0.16547994
0.020568886,17671.875,0.024388309,17671.875,0.1653859
0.007234612,17695.3125,0.008451741,17695.3125,0.1652986
0.018836065,17718.75,0.026071472,17718.75,0.16521113
0.008923455,17742.1875,0.019608641,17742.1875,0.16512378
0.005863818,17765.625,0.035938951,17765.625,0.16503637
0.009179743,17789.0625,0.010986026,17789.0625,0.16494901
0.008579153,17812.5,0.015427878,17812.5,0.16486162
0.012401014,17835.9375,0.009893731,17835.9375,0.16477424
0.014299497,17859.375,0.022148464,17859.375,0.16468681
0.01201885,17882.8125,0.015905309,17882.8125,0.16459945
0.008614079,17906.25,0.023776532,17906.25,0.16451204
0.012133211,17929.6875,0.024614815,17929.6875,0.16442464
0.023409248,17953.125,0.021417761,17953.125,0.16433722
0.011010217,17976.5625,0.015195834,17976.5625,0.1642499
0.013619188,18000.0,0.018182773,18000.0,0.16416247
0.008345478,18023.4375,0.007121,18023.4375,0.16407514
0.009211586,18046.875,0.018101596,18046.875,0.16398771
0.009809881,18070.3125,0.021017646,18070.3125,0.16390032
0.019625757,18093.75,0.017092819,18093.75,0.1638129
0.007035309,18117.1875,0.018179864,18117.1875,0.16372555
0.01725573,18140.625,0.01817158,18140.625,0.16363813
0.013034963,18164.0625,0.011555342,18164.0625,0.16355076
0.011278031,18187.5,0.019318253,18187.5,0.16346337
0.01500062,18210.9375,0.022524376,18210.9375,0.16337596
0.009309397,18234.375,0.003223926,18234.375,0.16328864
0.013677005,18257.8125,0.024487892,18257.8125,0.16320117
0.011807611,18281.25,0.023308959,18281.25,0.16311379
0.012734469,18304.6875,0.032680992,18304.6875,0.16302638
0.001969547,18328.125,0.026152896,18328.125,0.16293904
0.011031627,18351.5625,0.029616501,18351.5625,0.1628516
0.012765669,18375.0,0.022674762,18375.0,0.16276424
0.007370907,18398.4375,0.022678948,18398.4375,0.16267686
0.00840181,18421.875,0.019858726,18421.875,0.16258948
0.010888731,18445.3125,0.00972661,18445.3125,0.1625021
0.005365977,18468.75,0.021121626,18468.75,0.1624147
0.014210612,18492.1875,0.023323443,18492.1875,0.16232727
0.012475112,18515.625,0.009547636,18515.625,0.16223992
0.008905619,18539.0625,0.030174346,18539.0625,0.16215248
0.004982014,18562.5,0.018860568,18562.5,0.16206515
0.014884718,18585.9375,0.019443126,18585.9375,0.16197771
0.018131737,18609.375,0.017823439,18609.375,0.16189031
0.007590662,18632.8125,0.021842687,18632.8125,0.16180296
0.021948924,18656.25,0.009382373,18656.25,0.16171555
0.005885628,18679.6875,0.031522499,18679.6875,0.16162816
0.016036354,18703.125,0.00763301,18703.125,0.16154079
0.02047032,18726.5625,0.032983837,18726.5625,0.16145332
0.010644085,18750.0,0.00977039,18750.0,0.16136603
0.026168498,18773.4375,0.020568105,18773.4375,0.16127855
0.022947118,18796.875,0.015654515,18796.875,0.16119118
0.021164298,18820.3125,0.010450114,18820.3125,0.16110381
0.013763064,18843.75,0.008666892,18843.75,0.16101645
0.018223189,18867.1875,0.02152981,18867.1875,0.16092901
0.006747452,18890.625,0.017193346,18890.625,0.16084167
0.018229341,18914.0625,0.032284298,18914.0625,0.16075422
0.013374079,18937.5,0.019843837,18937.5,0.16066687
0.014530004,18960.9375,0.021101139,18960.9375,0.16057947
0.009023374,18984.375,0.018915915,18984.375,0.1604921
0.018366838,19007.8125,0.023262943,19007.8125,0.16040467
0.002868085,19031.25,0.011528526,19031.25,0.16031736
0.013630679,19054.6875,0.020619667,19054.6875,0.1602299
0.026345329,19078.125,0.017170168,19078.125,0.1601425
0.01707212,19101.5625,0.01269395,19101.5625,0.16005515
0.013629764,19125.0,0.017689543,19125.0,0.15996775
0.011353435,19148.4375,0.018004446,19148.4375,0.15988037
0.019273987,19171.875,0.017306929,19171.875,0.15979294
0.00989745,19195.3125,0.017972132,19195.3125,0.1597056
0.01509787,19218.75,0.022411662,19218.75,0.15961817
0.002142179,19242.1875,0.024248155,19242.1875,0.15953083
0.02360898,19265.625,0.026275631,19265.625,0.15944335
0.00873429,19289.0625,0.018750558,19289.0625,0.15935603
0.018766079,19312.5,0.008158843,19312.5,0.15926863
0.015296001,19335.9375,0.008979676,19335.9375,0.15918125
0.012136711,19359.375,0.017850873,19359.375,0.15909384
0.005567899,19382.8125,0.042798369,19382.8125,0.15900642
0.012574904,19406.25,0.012286608,19406.25,0.15891908
0.016100609,19429.6875,0.011540648,19429.6875,0.15883169
0.007936973,19453.125,0.029842793,19453.125,0.15874428
0.004661798,19476.5625,0.030607084,19476.5625,0.1586569
0.009550952,19500.0,0.015930197,19500.0,0.15856953
0.00954873,19523.4375,0.017886507,19523.4375,0.15848213
0.016331006,19546.875,0.004264905,19546.875,0.15839474
0.018314488,19570.3125,0.014510512,19570.3125,0.15830733
0.019924562,19593.75,0.024532368,19593.75,0.1582199
0.016301828,19617.1875,0.01159445,19617.1875,0.15813255
0.015266587,19640.625,0.018320041,19640.625,0.15804516
0.009486378,19664.0625,0.023175821,19664.0625,0.15795779
0.004285722,19687.5,0.019388554,19687.5,0.15787041
0.015235443,19710.9375,0.036524599,19710.9375,0.15778296
0.007512718,19734.375,0.021079147,19734.375,0.1576956
0.016564923,19757.8125,0.009076896,19757.8125,0.15760823
0.008967527,19781.25,0.02105216,19781.25,0.15752083
0.000852087,19804.6875,0.016156508,19804.6875,0.15743348
0.01313822,19828.125,0.016400038,19828.125,0.15734605
0.006251624,19851.5625,0.011850523,19851.5625,0.15725869
0.002811241,19875.0,0.029523916,19875.0,0.15717126
0.011605507,19898.4375,0.011445423,19898.4375,0.15708388
0.010408059,19921.875,0.025338145,19921.875,0.15699649
0.029174243,19945.3125,0.019362065,19945.3125,0.15690903
0.007672358,19968.75,0.025672011,19968.75,0.1568217
0.010155925,19992.1875,0.015245975,19992.1875,0.15673432
0.00725387,20015.625,0.026356272,20015.625,0.15664692
0.003636238,20039.0625,0.022296068,20039.0625,0.15655956
0.004608526,20062.5,0.025019466,20062.5,0.15647215
0.013379254,20085.9375,0.027089733,20085.9375,0.15638472
0.011985349,20109.375,0.027803668,20109.375,0.15629734
0.010633315,20132.8125,0.019353028,20132.8125,0.15621
0.012861978,20156.25,0.022035426,20156.25,0.15612258
0.005946662,20179.6875,0.016438448,20179.6875,0.15603523
0.008820696,20203.125,0.010954096,20203.125,0.15594783
0.000594738,20226.5625,0.017067496,20226.5625,0.15586045
0.01278117,20250.0,0.029772233,20250.0,0.155773
0.02806918,20273.4375,0.009437173,20273.4375,0.1556856
0.009833275,20296.875,0.015893372,20296.875,0.15559827
0.016968227,20320.3125,0.012646529,20320.3125,0.15551086
0.012282512,20343.75,0.019149654,20343.75,0.15542346
0.011348829,20367.1875,0.022396529,20367.1875,0.15533607
0.011752415,20390.625,0.022919812,20390.625,0.15524869
0.007545067,20414.0625,0.016969016,20414.0625,0.1551613
0.022191753,20437.5,0.025646485,20437.5,0.15507387
0.005084304,20460.9375,0.017559095,20460.9375,0.15498653
0.009619891,20484.375,0.021260172,20484.375,0.15489912
0.018437736,20507.8125,0.02524848,20507.8125,0.15481168
0.006260157,20531.25,0.015086019,20531.25,0.15472437
0.014903355,20554.6875,0.02078211,20554.6875,0.15463693
0.005977288,20578.125,0.025868012,20578.125,0.15454955
0.012636276,20601.5625,0.013201823,20601.5625,0.1544622
0.014640201,20625.0,0.017041848,20625.0,0.15437476
0.015436557,20648.4375,0.012377945,20648.4375,0.15428738
0.01075193,20671.875,0.017682478,20671.875,0.15420002
0.017955688,20695.3125,0.024640337,20695.3125,0.15411258
0.002708717,20718.75,0.022034163,20718.75,0.15402524
0.011027447,20742.1875,0.025034936,20742.1875,0.15393783
0.005168342,20765.625,0.007027824,20765.625,0.15385048
0.02708577,20789.0625,0.01050011,20789.0625,0.15376303
0.006619319,20812.5,0.020626695,20812.5,0.15367569
0.007605653,20835.9375,0.024778883,20835.9375,0.15358827
0.005631715,20859.375,0.014172707,20859.375,0.15350091
0.007122932,20882.8125,0.017418704,20882.8125,0.1534135
0.005324968,20906.25,0.024863996,20906.25,0.15332611
0.020439157,20929.6875,0.01908448,20929.6875,0.15323868
0.012804502,20953.125,0.009664784,20953.125,0.15315135
0.003185314,20976.5625,0.010214208,20976.5625,0.15306398
0.009613476,21000.0,0.023165321,21000.0,0.15297653
0.01045381,21023.4375,0.013323177,21023.4375,0.15288916
0.006367816,21046.875,0.01999353,21046.875,0.15280178
0.001728589,21070.3125,0.010939745,21070.3125,0.15271442
0.014561735,21093.75,0.014014383,21093.75,0.15262696
0.011447873,21117.1875,0.019913961,21117.1875,0.1525396
0.005892934,21140.625,0.026534255,21140.625,0.1524522
0.009872962,21164.0625,0.008151218,21164.0625,0.15236485
0.013823494,21187.5,0.026602675,21187.5,0.1522774
0.010965537,21210.9375,0.029597594,21210.9375,0.15219001
0.015165518,21234.375,0.027022944,21234.375,0.1521026
0.004208573,21257.8125,0.024266571,21257.8125,0.15201527
0.010977809,21281.25,0.015809846,21281.25,0.1519314
0.025347701,21304.6875,0.02301449,21304.6875,0.15184808
0.012799083,21328.125,0.014921093,21328.125,0.15176488
0.013263802,21351.5625,0.022849976,21351.5625,0.15168162
0.007479689,21375.0,0.025113468,21375.0,0.15159836
0.006767784,21398.4375,0.022483201,21398.4375,0.15151511
0.009960281,21421.875,0.020110999,21421.875,0.15143186
0.009100983,21445.3125,0.006963843,21445.3125,0.15134864
0.008526925,21468.75,0.015958282,21468.75,0.15126534
0.00476237,21492.1875,0.020728553,21492.1875,0.15118209
0.008872339,21515.625,0.025639044,21515.625,0.1510988
0.008048959,21539.0625,0.008871833,21539.0625,0.15101558
0.000358175,21562.5,0.011210567,21562.5,0.15093237
0.008064209,21585.9375,0.029077733,21585.9375,0.15084903
0.009600813,21609.375,0.02278696,21609.375,0.15076576
0.005194116,21632.8125,0.016074815,21632.8125,0.15068255
0.009411596,21656.25,0.014945522,21656.25,0.15059927
0.009377149,21679.6875,0.014827391,21679.6875,0.15051602
0.007381327,21703.125,0.020368418,21703.125,0.15043275
0.008262662,21726.5625,0.00882124,21726.5625,0.15034953
0.011105318,21750.0,0.018387747,21750.0,0.15026625
0.005431052,21773.4375,0.018493361,21773.4375,0.15018299
0.004377302,21796.875,0.011352252,21796.875,0.15009974
0.002809348,21820.3125,0.01582267,21820.3125,0.15001649
0.003245182,21843.75,0.020706461,21843.75,0.14993323
0.008623369,21867.1875,0.020957431,21867.1875,0.14984994
0.010368676,21890.625,0.020189421,21890.625,0.14976668
0.003329719,21914.0625,0.012764302,21914.0625,0.14968346
0.010478701,21937.5,0.018656306,21937.5,0.14960016
0.00953282,21960.9375,0.018684445,21960.9375,0.14951691
0.00189389,21984.375,0.016605272,21984.375,0.14943369
0.011343243,22007.8125,0.009789065,22007.8125,0.1493504
0.011655983,22031.25,0.020893796,22031.25,0.14926712
0.009665381,22054.6875,0.01059575,22054.6875,0.1491839
0.015271023,22078.125,0.0150461,22078.125,0.14910062
0.009821287,22101.5625,0.019649709,22101.5625,0.14901736
0.006911103,22125.0,0.014737996,22125.0,0.14893413
0.005426627,22148.4375,0.020473417,22148.4375,0.14885086
0.01010803,22171.875,0.015468128,22171.875,0.14876758
0.009428126,22195.3125,0.016422574,22195.3125,0.14868432
0.006598882,22218.75,0.01522353,22218.75,0.14860108
0.014308349,22242.1875,0.018152864,22242.1875,0.14851779
0.011546775,22265.625,0.017779681,22265.625,0.14843453
0.002374809,22289.0625,0.01847219,22289.0625,0.14835133
0.00901854,22312.5,0.01649138,22312.5,0.14826804
0.007647661,22335.9375,0.020331739,22335.9375,0.14818478
0.000561966,22359.375,0.015947103,22359.375,0.14810155
0.00984825,22382.8125,0.017391123,22382.8125,0.14801824
0.003123377,22406.25,0.011940137,22406.25,0.14793503
0.011237364,22429.6875,0.01981909,22429.6875,0.14785174
0.004816971,22453.125,0.018371282,22453.125,0.1477685
0.007036181,22476.5625,0.014945344,22476.5625,0.14768524
0.010632961,22500.0,0.013800469,22500.0,0.14760198
0.004880528,22523.4375,0.016000783,22523.4375,0.14751872
0.009383364,22546.875,0.020534692,22546.875,0.14743544
0.006887306,22570.3125,0.02146112,22570.3125,0.14735219
0.00870103,22593.75,0.026235354,22593.75,0.14726892
0.004417397,22617.1875,0.019976103,22617.1875,0.14718568
0.005236513,22640.625,0.021319979,22640.625,0.14710242
0.009942936,22664.0625,0.015297296,22664.0625,0.14701916
0.000695828,22687.5,0.020862178,22687.5,0.14693592
0.007109624,22710.9375,0.014110127,22710.9375,0.14685266
0.007430249,22734.375,0.015551602,22734.375,0.14676939
0.007511819,22757.8125,0.015206793,22757.8125,0.14668614
0.006425038,22781.25,0.018458999,22781.25,0.14660287
0.004710066,22804.6875,0.016437399,22804.6875,0.14651963
0.00095441,22828.125,0.011390102,22828.125,0.1464364
0.003690232,22851.5625,0.017810856,22851.5625,0.14635311
0.004578078,22875.0,0.017228177,22875.0,0.14626984
0.005423377,22898.4375,0.016868295,22898.4375,0.14618659
0.009965498,22921.875,0.013776631,22921.875,0.14610334
0.008785458,22945.3125,0.017466566,22945.3125,0.14602007
0.005724709,22968.75,0.019711884,22968.75,0.1459368
0.009795324,22992.1875,0.01811114,22992.1875,0.14585353
0.006441183,23015.625,0.015646007,23015.625,0.14577031
0.00779383,23039.0625,0.017301798,23039.0625,0.14568703
0.008174052,23062.5,0.017563341,23062.5,0.14560378
0.00185961,23085.9375,0.017838533,23085.9375,0.14552054
0.007039594,23109.375,0.016967384,23109.375,0.14543726
0.011201792,23132.8125,0.018235311,23132.8125,0.145354
0.003003335,23156.25,0.016770191,23156.25,0.14527075
0.003492322,23179.6875,0.019789489,23179.6875,0.14518748
0.008048771,23203.125,0.018806736,23203.125,0.14510421
0.004157133,23226.5625,0.013439984,23226.5625,0.14502099
0.006438133,23250.0,0.021883484,23250.0,0.14493771
0.005834,23273.4375,0.017468224,23273.4375,0.14485446
0.009723445,23296.875,0.016020819,23296.875,0.14477119
0.005297845,23320.3125,0.021861079,23320.3125,0.14468794
0.006013558,23343.75,0.023727559,23343.75,0.14460467
0.006877337,23367.1875,0.018818215,23367.1875,0.1445214
0.006507996,23390.625,0.017882968,23390.625,0.14443815
0.004003281,23414.0625,0.021511521,23414.0625,0.14435491
0.006634005,23437.5,0.018416343,23437.5,0.14427164
0.002715498,23460.9375,0.018789027,23460.9375,0.1441884
0.008706152,23484.375,0.013402873,23484.375,0.14410514
0.003523595,23507.8125,0.014471638,23507.8125,0.1440219
0.00636981,23531.25,0.016268871,23531.25,0.14393862
0.00489345,23554.6875,0.014321496,23554.6875,0.14385536
0.007649924,23578.125,0.01925429,23578.125,0.14377208
0.002991935,23601.5625,0.014940887,23601.5625,0.14368886
0.00583117,23625.0,0.019166037,23625.0,0.14360557
0.001775241,23648.4375,0.022482258,23648.4375,0.14352232
0.006533901,23671.875,0.014650003,23671.875,0.14343907
0.00864322,23695.3125,0.01489725,23695.3125,0.1433558
0.003318393,23718.75,0.018266302,23718.75,0.14327256
0.004380837,23742.1875,0.017205578,23742.1875,0.14318928
0.006495084,23765.625,0.015400625,23765.625,0.14310604
0.007068558,23789.0625,0.017895391,23789.0625,0.14302275
0.008285815,23812.5,0.016416692,23812.5,0.1429395
0.006225547,23835.9375,0.01740794,23835.9375,0.14285626
0.006101006,23859.375,0.018527927,23859.375,0.14277299
0.007629076,23882.8125,0.013293481,23882.8125,0.14268973
0.006559341,23906.25,0.023189365,23906.25,0.14260645
0.003295502,23929.6875,0.004010865,23929.6875,0.14252326
0.009211173,23953.125,0.024360007,23953.125,0.14243993
0.005070442,23976.5625,0.020546643,23976.5625,0.1423567
